{
  "Description": "Lambda 1 - Lambda function with rule trigger and sns",
  "Parameters": {
    "Email": {
      "Description": "Email for SNS Subscription, It will sent confirmation email for subscription",
      "MaxLength": "35",
      "MinLength": "1",
      "Default": "testaws199@gmail.com",
      "Type": "String"
    },
    "AlarmNotificationTopicARN": {
      "Description": "AlarmNotificationTopicARN",
      "Default": "arn:aws:sns:us-east-1:254525589362:aws-resorce-monitor",
      "Type": "String"
    },
    "S3BucketName": {
      "Description": "s3 bucket nam e where json placed",
      "Default": "nuxeo-platform",
      "Type": "String"
    },
    "LambdaExecutionIAMRole": {
      "Description": "Lambda Execution role",
      "Default": "arn:aws:iam::254525589362:role/lambda-execution-role",
      "Type": "String"
    }
  },
  "Resources": {
    "Monitor": {
      "Type": "AWS::Lambda::Function",
      "Properties": {
        "Handler": "ec2-metrics-watch.trigger_handler",
        "Role": {
         "Ref" : "LambdaExecutionIAMRole"
        },
        "Code": {
          "S3Bucket": {
                        "Ref" : "S3BucketName"
                      },
          "S3Key": "lambda/ec2-metrics-watch.zip"
        },
        "Runtime": "python2.7",
        "Timeout": "300",
        "Environment": {
          "Variables": {
            "SNS_ARN": {
               "Ref" : "AlarmNotificationTopicARN"
            },
            "S3_Bucket": {
               "Ref" : "S3BucketName"
            },
          }
        }
      }
    },
    "ScheduledRule": {
      "Type": "AWS::Events::Rule",
      "Properties": {
        "Description": "ScheduledRule",
        "ScheduleExpression": "rate(10 minutes)",
        "State": "ENABLED",
        "Targets": [
          {
            "Arn": {
              "Fn::GetAtt": [
                "Monitor",
                "Arn"
              ]
            },
            "Id": "TargetFunctionV1"
          }
        ]
      }
    },
    "PermissionForEventsToInvokeLambda": {
      "Type": "AWS::Lambda::Permission",
      "Properties": {
        "FunctionName": {
          "Ref": "Monitor"
        },
        "Action": "lambda:InvokeFunction",
        "Principal": "events.amazonaws.com",
        "SourceArn": {
          "Fn::GetAtt": [
            "ScheduledRule",
            "Arn"
          ]
        }
      }
    }
  }
}